"Timestamp","Full Name","What Master's Program are you in?","What are you most interested in?","Write full names of people you want to work with (if you have had a discussion about this already) - separate names with commas","are you taking this for a grade?","What do you want to get out of this class?"
"2018/06/14 2:36:35 PM GMT","Agasthya Pradhan Shenoy","","promoting civic engagement and political participation","Tonya Bryant, Emily Shoemaker","yes","I want to create a product that will allow students to engage in their local governments"
"2018/06/14 2:37:44 PM GMT","Tonya Bryant","","promoting civic engagement and political participation","Agasthya Pradhan Shenoy, Emily Shoemaker","yes","I want to make civic action a priority for teens. "
"2018/06/14 2:47:17 PM GMT","Emily Shoemaker","","promoting civic engagement and political participation","Tonya Bryant","no","I want kids to know more about the government and politics in general"
"2018/06/14 2:48:20 PM GMT","Romeo Montague","","helping children and teens become wiser consumers","","no","I want to help children identify fake news and understand how to vet sources"
"2018/06/14 2:49:17 PM GMT","Juliet Capulet","","helping children and teens become wiser consumers","","no","I want to help kids make smart decisions when it comes to understanding the media that they are consuming, eg fake news"
"2018/06/14 2:50:10 PM GMT","Arthur Read","","improving children's health and fitness","","yes","I want to make healthy eating fun by incorporating science into cooking shows"
"2018/06/14 2:51:04 PM GMT","Emily Ostermeyer","","developing print and digital literacy","none","yes","I'm interested in making innovative children's literature (interactive picture books)"
"2018/06/14 3:01:23 PM GMT","Jhenna Voorhis","","promoting civic engagement and political participation","Tessa Thompson, Steven Universe","no","An intergalactic adventure that results in personal growth and badassery."
"2018/06/14 3:02:55 PM GMT","Bonferroni Correction","","improving children's health and fitness","Seymour Papert, Michelle Obama, My Mom, Carl Jr. ","yes","A job"
"2018/06/14 3:05:03 PM GMT","Theji Jayaratne","","Making moving films/tv","Lucia Berliner, Mora Matassi","no","A final product that I can add to my production portfolio and talk about in job interviews"
"2018/06/14 3:06:23 PM GMT","Stefy Cohen","","promoting civic engagement and political participation","Manuel, Fran","yes","I want to design a project I can execute after we’re done with the class. "
"2018/06/14 3:29:11 PM GMT","Nicki Anselmo","","improving children's health and fitness","Tonya Bryant, Andy Ng","yes","A portfolio-worthy concept, feedback from top execs and networking "
"2018/06/14 3:59:55 PM GMT","Andrew Bennett","TIE","developing print and digital literacy","","yes","Learn more about informal learning and formative assessment."
"2018/06/14 4:27:07 PM GMT","Jameson Studwell ","TIE","developing print and digital literacy","","no","I’m not sure. I just want to hang out with Joe and some muppets. "
"2018/06/14 8:26:08 PM GMT","Kendrick Perkins","TIE","helping children and teens become wiser consumers","","no","To first understand what a wise consumer is, developing a working theory for what an adult wise consumer is, then scaffold that learning in the context of children. "
"2018/06/14 9:13:12 PM GMT","Paul Bangiola","TIE","promoting civic engagement and political participation","","yes","A job"
"2018/06/14 10:23:12 PM GMT","Amy O’Connell","TIE","developing print and digital literacy","Agasthya Shenoy, Jhenna Voorhis, Andy Ng, Alex Wright, Kendrick Perkins, Nora Rodriguez, Tonya Bryant, Stewart Jones, Jamie Studwell, Liz Miller, Nicki Anselmo, Jess Pederson, Alice Huang","no","All the knowledge"
"2018/06/15 1:09:52 AM GMT","Iva Markicevic ","TIE","Representation of women one STEM","","yes","New ways of thinking about coming up with a solution for a problem that’s important to me "
"2018/06/16 1:35:34 PM GMT","Tesla","TIE","promoting civic engagement and political participation","Chris Dede, Joe Blatt, Barbara Treacy, John Wilson, SLL","no","Perspective & hutspa"